Model,Type,Parameters,Flash Size (KB),Memory RAM (KB),Accuracy,Runtime CPU (ms),Latency (ms),Efficiency Score
Model_A_Standard,Baseline,215683,845.8,1105.17,0.9104,0.1594,0.1388,22.5545
Model_B_Separable,Baseline,3283,18.2,297.98,0.9114,0.0523,0.0444,480.8025
Model_C_UltraLight,Baseline,1884,11.68,187.71,0.8463,0.0362,0.0312,794.3493
Model_A_Standard,PTQ,215683,218.95,281.79,0.9157,0.2233,0.2073,29.8548
Model_B_Separable,PTQ,3283,12.21,79.8,0.9061,0.1141,0.1138,227.8312
Model_C_UltraLight,PTQ,1884,9.7,52.24,0.8442,0.046,0.0423,640.7859
Model_A_Standard,QAT,215898,217.87,281.79,0.921,0.2175,0.2065,30.2114
Model_B_Separable,QAT,3514,13.21,79.8,0.9157,0.1114,0.1122,224.467
Model_C_UltraLight,QAT,2015,9.46,52.24,0.8463,0.0478,0.0425,648.0172
